customer_id,month,category,change,now,usual
ahmed,2026-04,food_delivery,spiked,135,90
ahmed,2026-05,food_delivery,spiked,175,100
ahmed,2026-05,shopping,spiked,170,90
ahmed,2026-06,food_delivery,spiked,240,135
ahmed,2026-06,shopping,spiked,220,120
ahmed,2026-07,food_delivery,spiked,320,175
ahmed,2026-07,shopping,spiked,280,170
ahmed,2026-08,food_delivery,spiked,410,240
ahmed,2026-08,shopping,spiked,350,220
ahmed,2026-09,food_delivery,spiked,500,320
ahmed,2026-09,shopping,spiked,430,280
lisa,2026-06,home_improvement,appeared,5,0
lisa,2026-06,restaurants,dropped,40,88
lisa,2026-06,salary,appeared,2138,0
lisa,2026-06,student_job,disappeared,0,420
lisa,2026-07,furniture,appeared,1389,0
lisa,2026-07,rent,appeared,720,0
lisa,2026-07,utilities,appeared,71,0
lisa,2026-08,home_improvement,disappeared,0,85
lisa,2026-09,restaurants,spiked,93,43
lisa,2026-09,transport,dropped,15,42
tom_sara,2026-06,baby,appeared,813,0
tom_sara,2026-06,restaurants,spiked,172,115
tom_sara,2026-07,child_benefit,appeared,173,0
