customer_id,month,moment,label,score,threshold,has_must_have,triggered,evidence
ahmed,2026-04,financial_stress,Under financial pressure,2,6,True,False,"food_delivery spiked (now EUR 135, usual EUR 90)  (+2)"
ahmed,2026-05,financial_stress,Under financial pressure,4,6,True,False,"food_delivery spiked (now EUR 175, usual EUR 100)  (+2) | shopping spiked (now EUR 170, usual EUR 90)  (+2)"
ahmed,2026-06,financial_stress,Under financial pressure,4,6,True,False,"food_delivery spiked (now EUR 240, usual EUR 135)  (+2) | shopping spiked (now EUR 220, usual EUR 120)  (+2)"
ahmed,2026-07,financial_stress,Under financial pressure,4,6,True,False,"food_delivery spiked (now EUR 320, usual EUR 175)  (+2) | shopping spiked (now EUR 280, usual EUR 170)  (+2)"
ahmed,2026-08,financial_stress,Under financial pressure,7,6,True,True,"app: viewed_balance_5x_in_one_day (1x)  (+3) | food_delivery spiked (now EUR 410, usual EUR 240)  (+2) | shopping spiked (now EUR 350, usual EUR 220)  (+2)"
ahmed,2026-09,financial_stress,Under financial pressure,7,6,True,True,"app: viewed_balance_5x_in_one_day (1x)  (+3) | food_delivery spiked (now EUR 500, usual EUR 320)  (+2) | shopping spiked (now EUR 430, usual EUR 280)  (+2)"
lisa,2026-06,moved_house,Moved into a new home,1,7,False,False,"home_improvement appeared (now EUR 5, usual EUR 0)  (+1)"
lisa,2026-06,started_working,Started first job,8,5,True,True,"salary appeared (now EUR 2138, usual EUR 0)  (+5) | student_job disappeared (now EUR 0, usual EUR 420)  (+3)"
lisa,2026-07,moved_house,Moved into a new home,12,7,True,True,"rent appeared (now EUR 720, usual EUR 0)  (+5) | utilities appeared (now EUR 71, usual EUR 0)  (+3) | furniture appeared (now EUR 1389, usual EUR 0)  (+2) | app: viewed_home_insurance_page (1x)  (+2)"
lisa,2026-07,new_parent,Became a parent,1,5,False,False,"furniture appeared (now EUR 1389, usual EUR 0)  (+1)"
lisa,2026-09,financial_stress,Under financial pressure,2,6,True,False,"restaurants spiked (now EUR 93, usual EUR 43)  (+2)"
tom_sara,2026-06,new_parent,Became a parent,5,5,True,True,"baby appeared (now EUR 813, usual EUR 0)  (+5)"
tom_sara,2026-06,financial_stress,Under financial pressure,2,6,True,False,"restaurants spiked (now EUR 172, usual EUR 115)  (+2)"
tom_sara,2026-07,new_parent,Became a parent,4,5,False,False,"child_benefit appeared (now EUR 173, usual EUR 0)  (+4)"
tom_sara,2026-08,house_hunting,Looking to buy a home,5,5,True,True,app: viewed_mortgage_page (3x)  (+5)
tom_sara,2026-09,house_hunting,Looking to buy a home,5,5,True,True,app: viewed_mortgage_page (2x)  (+5)
