transaction_id,customer_id,date,description,amount,balance,merchant,category
TX00001,ahmed,2026-02-01,HUUR KAMER Leuven,-690.0,2710.0,HUUR KAMER LEUVEN,rent
TX00002,ahmed,2026-02-02,CAR LEASE MONTHLY 8322,-320.0,2390.0,CAR LEASE MONTHLY,car
TX00003,ahmed,2026-02-03,SPOTIFY P3960,-10.99,2379.01,SPOTIFY P,subscriptions
TX00004,ahmed,2026-02-03,SPOTIFY P4165,-17.99,2361.02,SPOTIFY P,subscriptions
TX00005,ahmed,2026-02-03,SPOTIFY P5457,-29.99,2331.03,SPOTIFY P,subscriptions
TX00006,ahmed,2026-02-05,ALDI BE 2878 Leuven,-44.61,2286.42,ALDI BE LEUVEN,groceries
TX00007,ahmed,2026-02-05,DELHAIZE LEUVEN #0793,-45.32,2241.1,DELHAIZE LEUVEN,groceries
TX00008,ahmed,2026-02-05,ORANGE BELGIUM DD 7712,-65.0,2176.1,ORANGE BELGIUM DD,telecom
TX00009,ahmed,2026-02-06,LIDL BELGIUM LEUVEN,-45.72,2130.38,LIDL BELGIUM LEUVEN,groceries
TX00010,ahmed,2026-02-07,TAKEAWAY.COM 8517,-24.41,2105.97,TAKEAWAY.COM,food_delivery
TX00011,ahmed,2026-02-10,DELIVEROO BELGIUM,-28.07,2077.9,DELIVEROO BELGIUM,food_delivery
TX00012,ahmed,2026-02-14,ALDI BE 8907 Leuven,-37.47,2040.43,ALDI BE LEUVEN,groceries
TX00013,ahmed,2026-02-14,PIZZA HUT LEUVEN 4853,-120.0,1920.43,PIZZA HUT LEUVEN,restaurants
TX00014,ahmed,2026-02-14,UBER *EATS LEUVEN,-27.52,1892.91,UBER EATS LEUVEN,food_delivery
TX00015,ahmed,2026-02-20,BOL.COM 7282,-80.0,1812.91,BOL.COM,shopping
TX00016,ahmed,2026-02-25,LIDL BELGIUM Leuven,-44.23,1768.68,LIDL BELGIUM LEUVEN,groceries
TX00017,ahmed,2026-02-25,LOON RETAIL BV 5790,1950.0,3718.68,LOON RETAIL BV,salary
TX00018,ahmed,2026-03-01,SEPA HUUR KAMER,-690.0,3028.68,SEPA HUUR KAMER,rent
TX00019,ahmed,2026-03-02,SEPA AUTOLEASE 8416,-320.0,2708.68,SEPA AUTOLEASE,car
TX00020,ahmed,2026-03-03,BASIC-FIT BE 6011,-17.99,2690.69,BASIC-FIT BE,subscriptions
TX00021,ahmed,2026-03-03,DISNEYPLUS 9923,-10.99,2679.7,DISNEYPLUS,subscriptions
TX00022,ahmed,2026-03-03,NETFLIX.COM 6105,-29.99,2649.71,NETFLIX.COM,subscriptions
TX00023,ahmed,2026-03-05,ORANGE BELGIUM DD 2349,-65.0,2584.71,ORANGE BELGIUM DD,telecom
TX00024,ahmed,2026-03-06,CARREFOUR MARKET LEUVEN 5160,-40.99,2543.72,CARREFOUR MARKET LEUVEN,groceries
TX00025,ahmed,2026-03-06,LIDL BELGIUM LEUVEN,-44.21,2499.51,LIDL BELGIUM LEUVEN,groceries
TX00026,ahmed,2026-03-06,UBER *EATS Leuven,-23.42,2476.09,UBER EATS LEUVEN,food_delivery
TX00027,ahmed,2026-03-11,COLRUYT LEUVEN 8492,-35.74,2440.35,COLRUYT LEUVEN,groceries
TX00028,ahmed,2026-03-14,ALDI BE 4767 Leuven,-45.83,2394.52,ALDI BE LEUVEN,groceries
TX00029,ahmed,2026-03-19,BAR CENTRAAL Leuven,-150.0,2244.52,BAR CENTRAAL LEUVEN,restaurants
TX00030,ahmed,2026-03-19,UBER *EATS LEUVEN,-26.59,2217.93,UBER EATS LEUVEN,food_delivery
TX00031,ahmed,2026-03-19,ZARA BELGIUM Leuven,-90.0,2127.93,ZARA BELGIUM LEUVEN,shopping
TX00032,ahmed,2026-03-21,COLRUYT LEUVEN 7321,-32.29,2095.64,COLRUYT LEUVEN,groceries
TX00033,ahmed,2026-03-23,ALDI BE 3289 Leuven,-30.45,2065.19,ALDI BE LEUVEN,groceries
TX00034,ahmed,2026-03-25,SALARY Retail BV,1950.0,4015.19,SALARY RETAIL BV,salary
TX00035,ahmed,2026-03-27,DELIVEROO BELGIUM,-24.23,3990.96,DELIVEROO BELGIUM,food_delivery
TX00036,ahmed,2026-03-27,TAKEAWAY.COM 3302,-25.76,3965.2,TAKEAWAY.COM,food_delivery
TX00037,ahmed,2026-04-01,SEPA HUUR KAMER,-690.0,3275.2,SEPA HUUR KAMER,rent
TX00038,ahmed,2026-04-02,CAR LEASE MONTHLY 2044,-320.0,2955.2,CAR LEASE MONTHLY,car
TX00039,ahmed,2026-04-03,DISNEYPLUS 8750,-29.99,2925.21,DISNEYPLUS,subscriptions
TX00040,ahmed,2026-04-03,NETFLIX.COM 4663,-17.99,2907.22,NETFLIX.COM,subscriptions
TX00041,ahmed,2026-04-03,SPOTIFY P9034,-10.99,2896.23,SPOTIFY P,subscriptions
TX00042,ahmed,2026-04-03,TAKEAWAY.COM 6860,-28.92,2867.31,TAKEAWAY.COM,food_delivery
TX00043,ahmed,2026-04-04,COLRUYT LEUVEN 9459,-33.29,2834.02,COLRUYT LEUVEN,groceries
TX00044,ahmed,2026-04-05,ORANGE BELGIUM DD 5296,-65.0,2769.02,ORANGE BELGIUM DD,telecom
TX00045,ahmed,2026-04-06,TAKEAWAY.COM 3970,-23.45,2745.57,TAKEAWAY.COM,food_delivery
TX00046,ahmed,2026-04-10,CARREFOUR MARKET LEUVEN 8169,-45.78,2699.79,CARREFOUR MARKET LEUVEN,groceries
TX00047,ahmed,2026-04-15,CAFE DEN OUDEN Leuven,-180.0,2519.79,CAFE DEN OUDEN LEUVEN,restaurants
TX00048,ahmed,2026-04-16,DELIVEROO BELGIUM,-23.26,2496.53,DELIVEROO BELGIUM,food_delivery
TX00049,ahmed,2026-04-17,TAKEAWAY.COM 5131,-32.58,2463.95,TAKEAWAY.COM,food_delivery
TX00050,ahmed,2026-04-19,H&M Leuven 8181,-120.0,2343.95,H&M LEUVEN,shopping
TX00051,ahmed,2026-04-20,DELHAIZE Leuven #2814,-41.17,2302.78,DELHAIZE LEUVEN,groceries
TX00052,ahmed,2026-04-21,ALDI BE 4022 Leuven,-44.09,2258.69,ALDI BE LEUVEN,groceries
TX00053,ahmed,2026-04-24,TAKEAWAY.COM 6542,-26.8,2231.89,TAKEAWAY.COM,food_delivery
TX00054,ahmed,2026-04-25,SALARY Retail BV,1950.0,4181.89,SALARY RETAIL BV,salary
TX00055,ahmed,2026-04-27,CARREFOUR MARKET LEUVEN 0684,-44.5,4137.39,CARREFOUR MARKET LEUVEN,groceries
TX00056,ahmed,2026-05-01,SEPA HUUR KAMER,-690.0,3447.39,SEPA HUUR KAMER,rent
TX00057,ahmed,2026-05-02,CAR LEASE MONTHLY 9799,-320.0,3127.39,CAR LEASE MONTHLY,car
TX00058,ahmed,2026-05-03,BASIC-FIT BE 9353,-10.99,3116.4,BASIC-FIT BE,subscriptions
TX00059,ahmed,2026-05-03,NETFLIX.COM 6339,-29.99,3086.41,NETFLIX.COM,subscriptions
TX00060,ahmed,2026-05-03,SPOTIFY P6002,-17.99,3068.42,SPOTIFY P,subscriptions
TX00061,ahmed,2026-05-05,ORANGE BELGIUM DD 0143,-65.0,3003.42,ORANGE BELGIUM DD,telecom
TX00062,ahmed,2026-05-06,UBER *EATS LEUVEN,-34.31,2969.11,UBER EATS LEUVEN,food_delivery
TX00063,ahmed,2026-05-07,LIDL BELGIUM LEUVEN,-46.78,2922.33,LIDL BELGIUM LEUVEN,groceries
TX00064,ahmed,2026-05-08,ALDI BE 2450 Leuven,-40.13,2882.2,ALDI BE LEUVEN,groceries
TX00065,ahmed,2026-05-08,DELHAIZE Leuven #0669,-28.91,2853.29,DELHAIZE LEUVEN,groceries
TX00066,ahmed,2026-05-08,DELIVEROO BELGIUM,-33.93,2819.36,DELIVEROO BELGIUM,food_delivery
TX00067,ahmed,2026-05-12,CAFE DEN OUDEN Leuven,-220.0,2599.36,CAFE DEN OUDEN LEUVEN,restaurants
TX00068,ahmed,2026-05-18,CARREFOUR MARKET LEUVEN 1956,-30.57,2568.79,CARREFOUR MARKET LEUVEN,groceries
TX00069,ahmed,2026-05-18,UBER *EATS Leuven,-25.86,2542.93,UBER EATS LEUVEN,food_delivery
TX00070,ahmed,2026-05-20,DELHAIZE LEUVEN #2672,-35.86,2507.07,DELHAIZE LEUVEN,groceries
TX00071,ahmed,2026-05-20,DELIVEROO BELGIUM,-27.42,2479.65,DELIVEROO BELGIUM,food_delivery
TX00072,ahmed,2026-05-21,TAKEAWAY.COM 9487,-23.02,2456.63,TAKEAWAY.COM,food_delivery
TX00073,ahmed,2026-05-22,BOL.COM 8744,-170.0,2286.63,BOL.COM,shopping
TX00074,ahmed,2026-05-23,ALDI BE 8361 Leuven,-38.65,2247.98,ALDI BE LEUVEN,groceries
TX00075,ahmed,2026-05-24,DELIVEROO BELGIUM,-30.46,2217.52,DELIVEROO BELGIUM,food_delivery
TX00076,ahmed,2026-05-25,SALARY RETAIL BV,1950.0,4167.52,SALARY RETAIL BV,salary
TX00077,ahmed,2026-05-26,CARREFOUR MARKET LEUVEN 6045,-34.62,4132.9,CARREFOUR MARKET LEUVEN,groceries
TX00078,ahmed,2026-06-01,SEPA HUUR KAMER,-690.0,3442.9,SEPA HUUR KAMER,rent
TX00079,ahmed,2026-06-02,CAR LEASE MONTHLY 4886,-320.0,3122.9,CAR LEASE MONTHLY,car
TX00080,ahmed,2026-06-03,BASIC-FIT BE 2409,-29.99,3092.91,BASIC-FIT BE,subscriptions
TX00081,ahmed,2026-06-03,DELIVEROO BELGIUM,-36.26,3056.65,DELIVEROO BELGIUM,food_delivery
TX00082,ahmed,2026-06-03,DISNEYPLUS 4490,-17.99,3038.66,DISNEYPLUS,subscriptions
TX00083,ahmed,2026-06-03,DISNEYPLUS 6230,-10.99,3027.67,DISNEYPLUS,subscriptions
TX00084,ahmed,2026-06-05,ALDI BE 7257 Leuven,-41.12,2986.55,ALDI BE LEUVEN,groceries
TX00085,ahmed,2026-06-05,CARREFOUR MARKET LEUVEN 1651,-36.27,2950.28,CARREFOUR MARKET LEUVEN,groceries
TX00086,ahmed,2026-06-05,PROXIMUS NV/SA 8021,-65.0,2885.28,PROXIMUS NV SA,telecom
TX00087,ahmed,2026-06-06,UBER *EATS Leuven,-26.86,2858.42,UBER EATS LEUVEN,food_delivery
TX00088,ahmed,2026-06-09,LIDL BELGIUM Leuven,-37.55,2820.87,LIDL BELGIUM LEUVEN,groceries
TX00089,ahmed,2026-06-11,TAKEAWAY.COM 8102,-40.69,2780.18,TAKEAWAY.COM,food_delivery
TX00090,ahmed,2026-06-12,DELIVEROO BELGIUM,-35.05,2745.13,DELIVEROO BELGIUM,food_delivery
TX00091,ahmed,2026-06-12,PIZZA HUT Leuven 3174,-270.0,2475.13,PIZZA HUT LEUVEN,restaurants
TX00092,ahmed,2026-06-15,DELIVEROO BELGIUM,-41.64,2433.49,DELIVEROO BELGIUM,food_delivery
TX00093,ahmed,2026-06-19,BOL.COM 1431,-220.0,2213.49,BOL.COM,shopping
TX00094,ahmed,2026-06-19,UBER *EATS Leuven,-28.72,2184.77,UBER EATS LEUVEN,food_delivery
TX00095,ahmed,2026-06-25,SALARY Retail BV,1950.0,4134.77,SALARY RETAIL BV,salary
TX00096,ahmed,2026-06-26,ALDI BE 9624 LEUVEN,-32.79,4101.98,ALDI BE LEUVEN,groceries
TX00097,ahmed,2026-06-26,LIDL BELGIUM LEUVEN,-47.29,4054.69,LIDL BELGIUM LEUVEN,groceries
TX00098,ahmed,2026-06-27,LIDL BELGIUM LEUVEN,-46.66,4008.03,LIDL BELGIUM LEUVEN,groceries
TX00099,ahmed,2026-06-27,TAKEAWAY.COM 4752,-30.78,3977.25,TAKEAWAY.COM,food_delivery
TX00100,ahmed,2026-07-01,RENT KAMER LEUVEN,-690.0,3287.25,RENT KAMER LEUVEN,rent
TX00101,ahmed,2026-07-02,CAR LEASE MONTHLY 5410,-320.0,2967.25,CAR LEASE MONTHLY,car
TX00102,ahmed,2026-07-03,BASIC-FIT BE 8243,-10.99,2956.26,BASIC-FIT BE,subscriptions
TX00103,ahmed,2026-07-03,DELIVEROO BELGIUM,-39.61,2916.65,DELIVEROO BELGIUM,food_delivery
TX00104,ahmed,2026-07-03,DISNEYPLUS 1946,-17.99,2898.66,DISNEYPLUS,subscriptions
TX00105,ahmed,2026-07-03,DISNEYPLUS 4843,-29.99,2868.67,DISNEYPLUS,subscriptions
TX00106,ahmed,2026-07-04,DELIVEROO BELGIUM,-48.84,2819.83,DELIVEROO BELGIUM,food_delivery
TX00107,ahmed,2026-07-05,PROXIMUS NV/SA 4295,-65.0,2754.83,PROXIMUS NV SA,telecom
TX00108,ahmed,2026-07-06,CARREFOUR MARKET LEUVEN 1289,-46.34,2708.49,CARREFOUR MARKET LEUVEN,groceries
TX00109,ahmed,2026-07-06,UBER *EATS Leuven,-42.02,2666.47,UBER EATS LEUVEN,food_delivery
TX00110,ahmed,2026-07-07,COLRUYT Leuven 3322,-39.45,2627.02,COLRUYT LEUVEN,groceries
TX00111,ahmed,2026-07-08,DELHAIZE LEUVEN #1914,-41.61,2585.41,DELHAIZE LEUVEN,groceries
TX00112,ahmed,2026-07-13,TAKEAWAY.COM 6194,-33.23,2552.18,TAKEAWAY.COM,food_delivery
TX00113,ahmed,2026-07-14,DELIVEROO BELGIUM,-39.0,2513.18,DELIVEROO BELGIUM,food_delivery
TX00114,ahmed,2026-07-14,TAKEAWAY.COM 9485,-40.49,2472.69,TAKEAWAY.COM,food_delivery
TX00115,ahmed,2026-07-15,DELIVEROO BELGIUM,-31.67,2441.02,DELIVEROO BELGIUM,food_delivery
TX00116,ahmed,2026-07-18,CAFE DEN OUDEN Leuven,-330.0,2111.02,CAFE DEN OUDEN LEUVEN,restaurants
TX00117,ahmed,2026-07-18,ZARA BELGIUM Leuven,-280.0,1831.02,ZARA BELGIUM LEUVEN,shopping
TX00118,ahmed,2026-07-19,TAKEAWAY.COM 0366,-45.14,1785.88,TAKEAWAY.COM,food_delivery
TX00119,ahmed,2026-07-23,ALDI BE 7724 LEUVEN,-43.15,1742.73,ALDI BE LEUVEN,groceries
TX00120,ahmed,2026-07-23,DELHAIZE LEUVEN #2519,-37.1,1705.63,DELHAIZE LEUVEN,groceries
TX00121,ahmed,2026-07-25,DELHAIZE Leuven #9771,-45.46,1660.17,DELHAIZE LEUVEN,groceries
TX00122,ahmed,2026-07-25,SALARY RETAIL BV,1950.0,3610.17,SALARY RETAIL BV,salary
TX00123,ahmed,2026-08-01,RENT KAMER LEUVEN,-690.0,2920.17,RENT KAMER LEUVEN,rent
TX00124,ahmed,2026-08-02,SEPA AUTOLEASE 0266,-320.0,2600.17,SEPA AUTOLEASE,car
TX00125,ahmed,2026-08-03,BASIC-FIT BE 0807,-17.99,2582.18,BASIC-FIT BE,subscriptions
TX00126,ahmed,2026-08-03,NETFLIX.COM 2305,-29.99,2552.19,NETFLIX.COM,subscriptions
TX00127,ahmed,2026-08-03,NETFLIX.COM 3849,-10.99,2541.2,NETFLIX.COM,subscriptions
TX00128,ahmed,2026-08-05,CARREFOUR MARKET LEUVEN 8693,-30.68,2510.52,CARREFOUR MARKET LEUVEN,groceries
TX00129,ahmed,2026-08-05,TELENET NV DOMICILIERING,-65.0,2445.52,TELENET NV DOMICILIERING,telecom
TX00130,ahmed,2026-08-08,TAKEAWAY.COM 3480,-49.9,2395.62,TAKEAWAY.COM,food_delivery
TX00131,ahmed,2026-08-08,TAKEAWAY.COM 3635,-41.11,2354.51,TAKEAWAY.COM,food_delivery
TX00132,ahmed,2026-08-08,UBER *EATS LEUVEN,-56.3,2298.21,UBER EATS LEUVEN,food_delivery
TX00133,ahmed,2026-08-09,UBER *EATS Leuven,-54.56,2243.65,UBER EATS LEUVEN,food_delivery
TX00134,ahmed,2026-08-13,ALDI BE 2879 LEUVEN,-40.52,2203.13,ALDI BE LEUVEN,groceries
TX00135,ahmed,2026-08-13,DELHAIZE Leuven #5234,-39.55,2163.58,DELHAIZE LEUVEN,groceries
TX00136,ahmed,2026-08-14,LIDL BELGIUM LEUVEN,-43.09,2120.49,LIDL BELGIUM LEUVEN,groceries
TX00137,ahmed,2026-08-14,PAYCONIQ*FRITUUR LEUVEN,-390.0,1730.49,PAYCONIQ FRITUUR LEUVEN,restaurants
TX00138,ahmed,2026-08-16,DELIVEROO BELGIUM,-39.3,1691.19,DELIVEROO BELGIUM,food_delivery
TX00139,ahmed,2026-08-17,CARREFOUR MARKET Leuven 6254,-43.72,1647.47,CARREFOUR MARKET LEUVEN,groceries
TX00140,ahmed,2026-08-19,DELHAIZE Leuven #2375,-44.12,1603.35,DELHAIZE LEUVEN,groceries
TX00141,ahmed,2026-08-19,TAKEAWAY.COM 8753,-37.02,1566.33,TAKEAWAY.COM,food_delivery
TX00142,ahmed,2026-08-22,TAKEAWAY.COM 8157,-51.71,1514.62,TAKEAWAY.COM,food_delivery
TX00143,ahmed,2026-08-23,BOL.COM 3778,-350.0,1164.62,BOL.COM,shopping
TX00144,ahmed,2026-08-23,UBER *EATS Leuven,-40.51,1124.11,UBER EATS LEUVEN,food_delivery
TX00145,ahmed,2026-08-25,ALDI BE 8550 LEUVEN,-32.42,1091.69,ALDI BE LEUVEN,groceries
TX00146,ahmed,2026-08-25,OVERSCHRIJVING WEDDE RETAIL BV,1950.0,3041.69,OVERSCHRIJVING WEDDE RETAIL BV,salary
TX00147,ahmed,2026-08-27,UBER *EATS Leuven,-39.59,3002.1,UBER EATS LEUVEN,food_delivery
TX00148,ahmed,2026-09-01,SEPA HUUR KAMER,-690.0,2312.1,SEPA HUUR KAMER,rent
TX00149,ahmed,2026-09-02,CAR LEASE MONTHLY 5780,-320.0,1992.1,CAR LEASE MONTHLY,car
TX00150,ahmed,2026-09-03,DELIVEROO BELGIUM,-54.58,1937.52,DELIVEROO BELGIUM,food_delivery
TX00151,ahmed,2026-09-03,SPOTIFY P1227,-17.99,1919.53,SPOTIFY P,subscriptions
TX00152,ahmed,2026-09-03,SPOTIFY P3801,-10.99,1908.54,SPOTIFY P,subscriptions
TX00153,ahmed,2026-09-03,SPOTIFY P8295,-29.99,1878.55,SPOTIFY P,subscriptions
TX00154,ahmed,2026-09-04,COLRUYT Leuven 0284,-38.59,1839.96,COLRUYT LEUVEN,groceries
TX00155,ahmed,2026-09-04,TAKEAWAY.COM 5437,-57.68,1782.28,TAKEAWAY.COM,food_delivery
TX00156,ahmed,2026-09-04,TAKEAWAY.COM 6385,-46.51,1735.77,TAKEAWAY.COM,food_delivery
TX00157,ahmed,2026-09-04,UBER *EATS Leuven,-53.27,1682.5,UBER EATS LEUVEN,food_delivery
TX00158,ahmed,2026-09-05,TELENET NV DOMICILIERING,-65.0,1617.5,TELENET NV DOMICILIERING,telecom
TX00159,ahmed,2026-09-08,UBER *EATS LEUVEN,-47.21,1570.29,UBER EATS LEUVEN,food_delivery
TX00160,ahmed,2026-09-08,UBER *EATS Leuven,-61.74,1508.55,UBER EATS LEUVEN,food_delivery
TX00161,ahmed,2026-09-09,COLRUYT Leuven 3958,-31.84,1476.71,COLRUYT LEUVEN,groceries
TX00162,ahmed,2026-09-12,CARREFOUR MARKET Leuven 7064,-44.12,1432.59,CARREFOUR MARKET LEUVEN,groceries
TX00163,ahmed,2026-09-15,COLRUYT Leuven 7926,-41.19,1391.4,COLRUYT LEUVEN,groceries
TX00164,ahmed,2026-09-16,LIDL BELGIUM Leuven,-34.0,1357.4,LIDL BELGIUM LEUVEN,groceries
TX00165,ahmed,2026-09-18,PIZZA HUT LEUVEN 7391,-460.0,897.4,PIZZA HUT LEUVEN,restaurants
TX00166,ahmed,2026-09-20,ALDI BE 6512 Leuven,-29.58,867.82,ALDI BE LEUVEN,groceries
TX00167,ahmed,2026-09-20,DELIVEROO BELGIUM,-39.16,828.66,DELIVEROO BELGIUM,food_delivery
TX00168,ahmed,2026-09-21,H&M LEUVEN 7085,-430.0,398.66,H&M LEUVEN,shopping
TX00169,ahmed,2026-09-23,DELIVEROO BELGIUM,-37.95,360.71,DELIVEROO BELGIUM,food_delivery
TX00170,ahmed,2026-09-23,UBER *EATS LEUVEN,-48.96,311.75,UBER EATS LEUVEN,food_delivery
TX00171,ahmed,2026-09-25,SALARY RETAIL BV,1950.0,2261.75,SALARY RETAIL BV,salary
TX00172,ahmed,2026-09-27,UBER *EATS Leuven,-52.94,2208.81,UBER EATS LEUVEN,food_delivery
TX00173,lisa,2026-02-03,DELHAIZE Kortrijk #3824,-56.13,1193.87,DELHAIZE KORTRIJK,groceries
TX00174,lisa,2026-02-03,NMBS/SNCB APP 5165,-6.4,1187.47,NMBS SNCB APP,transport
TX00175,lisa,2026-02-03,SPOTIFY P1545,-11.99,1175.48,SPOTIFY P,subscriptions
TX00176,lisa,2026-02-06,TELENET NV DOMICILIERING,-32.59,1142.89,TELENET NV DOMICILIERING,telecom
TX00177,lisa,2026-02-07,LIDL BELGIUM KORTRIJK,-22.5,1120.39,LIDL BELGIUM KORTRIJK,groceries
TX00178,lisa,2026-02-09,CAFE DEN OUDEN KORTRIJK,-14.59,1105.8,CAFE DEN OUDEN KORTRIJK,restaurants
TX00179,lisa,2026-02-11,CARREFOUR MARKET Kortrijk 3160,-49.0,1056.8,CARREFOUR MARKET KORTRIJK,groceries
TX00180,lisa,2026-02-14,ALDI BE 2674 Kortrijk,-34.29,1022.51,ALDI BE KORTRIJK,groceries
TX00181,lisa,2026-02-14,COLRUYT KORTRIJK 4343,-53.51,969.0,COLRUYT KORTRIJK,groceries
TX00182,lisa,2026-02-16,DE LIJN MOBIB 2350,-7.24,961.76,DE LIJN MOBIB,transport
TX00183,lisa,2026-02-19,LIDL BELGIUM KORTRIJK,-51.39,910.37,LIDL BELGIUM KORTRIJK,groceries
TX00184,lisa,2026-02-23,LOON STUDENT COLRUYT,483.11,1393.48,LOON STUDENT COLRUYT,student_job
TX00185,lisa,2026-02-25,LIDL BELGIUM Kortrijk,-21.47,1372.01,LIDL BELGIUM KORTRIJK,groceries
TX00186,lisa,2026-02-25,NMBS/SNCB APP 5178,-9.42,1362.59,NMBS SNCB APP,transport
TX00187,lisa,2026-02-25,PIZZA HUT Kortrijk 1179,-26.27,1336.32,PIZZA HUT KORTRIJK,restaurants
TX00188,lisa,2026-03-01,NMBS/SNCB APP 1114,-17.49,1318.83,NMBS SNCB APP,transport
TX00189,lisa,2026-03-03,NETFLIX.COM 8095,-11.99,1306.84,NETFLIX.COM,subscriptions
TX00190,lisa,2026-03-05,TELENET NV DOMICILIERING,-33.5,1273.34,TELENET NV DOMICILIERING,telecom
TX00191,lisa,2026-03-08,NMBS/SNCB APP 3780,-12.42,1260.92,NMBS SNCB APP,transport
TX00192,lisa,2026-03-11,PAYCONIQ*FRITUUR KORTRIJK,-37.34,1223.58,PAYCONIQ FRITUUR KORTRIJK,restaurants
TX00193,lisa,2026-03-14,BAR CENTRAAL KORTRIJK,-15.18,1208.4,BAR CENTRAAL KORTRIJK,restaurants
TX00194,lisa,2026-03-19,COLRUYT Kortrijk 8807,-51.04,1157.36,COLRUYT KORTRIJK,groceries
TX00195,lisa,2026-03-20,BAR CENTRAAL Kortrijk,-29.39,1127.97,BAR CENTRAAL KORTRIJK,restaurants
TX00196,lisa,2026-03-21,CAFE DEN OUDEN KORTRIJK,-12.95,1115.02,CAFE DEN OUDEN KORTRIJK,restaurants
TX00197,lisa,2026-03-21,COLRUYT KORTRIJK 7678,-41.28,1073.74,COLRUYT KORTRIJK,groceries
TX00198,lisa,2026-03-22,ALDI BE 3268 Kortrijk,-24.72,1049.02,ALDI BE KORTRIJK,groceries
TX00199,lisa,2026-03-22,SHELL KORTRIJK 7407,-4.94,1044.08,SHELL KORTRIJK,transport
TX00200,lisa,2026-03-24,STUDENTENJOB COLRUYT 9570,435.92,1480.0,STUDENTENJOB COLRUYT,student_job
TX00201,lisa,2026-03-25,ALDI BE 8327 Kortrijk,-58.16,1421.84,ALDI BE KORTRIJK,groceries
TX00202,lisa,2026-03-26,ALDI BE 7443 KORTRIJK,-18.14,1403.7,ALDI BE KORTRIJK,groceries
TX00203,lisa,2026-03-26,DELHAIZE Kortrijk #8699,-58.41,1345.29,DELHAIZE KORTRIJK,groceries
TX00204,lisa,2026-04-02,LIDL BELGIUM KORTRIJK,-30.55,1314.74,LIDL BELGIUM KORTRIJK,groceries
TX00205,lisa,2026-04-02,SHELL KORTRIJK 9270,-11.36,1303.38,SHELL KORTRIJK,transport
TX00206,lisa,2026-04-03,NETFLIX.COM 9450,-11.99,1291.39,NETFLIX.COM,subscriptions
TX00207,lisa,2026-04-04,LIDL BELGIUM Kortrijk,-20.23,1271.16,LIDL BELGIUM KORTRIJK,groceries
TX00208,lisa,2026-04-06,CAFE DEN OUDEN KORTRIJK,-15.39,1255.77,CAFE DEN OUDEN KORTRIJK,restaurants
TX00209,lisa,2026-04-08,CARREFOUR MARKET KORTRIJK 4573,-38.36,1217.41,CARREFOUR MARKET KORTRIJK,groceries
TX00210,lisa,2026-04-08,TELENET NV DOMICILIERING,-25.13,1192.28,TELENET NV DOMICILIERING,telecom
TX00211,lisa,2026-04-09,NMBS/SNCB APP 4361,-9.33,1182.95,NMBS SNCB APP,transport
TX00212,lisa,2026-04-15,ALDI BE 0897 KORTRIJK,-47.63,1135.32,ALDI BE KORTRIJK,groceries
TX00213,lisa,2026-04-17,LIDL BELGIUM KORTRIJK,-25.24,1110.08,LIDL BELGIUM KORTRIJK,groceries
TX00214,lisa,2026-04-19,COLRUYT Kortrijk 3882,-25.32,1084.76,COLRUYT KORTRIJK,groceries
TX00215,lisa,2026-04-20,CAFE DEN OUDEN KORTRIJK,-10.06,1074.7,CAFE DEN OUDEN KORTRIJK,restaurants
TX00216,lisa,2026-04-20,SHELL Kortrijk 3502,-11.09,1063.61,SHELL KORTRIJK,transport
TX00217,lisa,2026-04-21,PAYCONIQ*FRITUUR Kortrijk,-22.3,1041.31,PAYCONIQ FRITUUR KORTRIJK,restaurants
TX00218,lisa,2026-04-22,COLRUYT KORTRIJK 1800,-28.94,1012.37,COLRUYT KORTRIJK,groceries
TX00219,lisa,2026-04-22,SHELL KORTRIJK 1198,-3.15,1009.22,SHELL KORTRIJK,transport
TX00220,lisa,2026-04-25,LOON STUDENT COLRUYT,409.99,1419.21,LOON STUDENT COLRUYT,student_job
TX00221,lisa,2026-04-27,BAR CENTRAAL KORTRIJK,-25.38,1393.83,BAR CENTRAAL KORTRIJK,restaurants
TX00222,lisa,2026-05-03,BASIC-FIT BE 8676,-11.99,1381.84,BASIC-FIT BE,subscriptions
TX00223,lisa,2026-05-05,ORANGE BELGIUM DD 1707,-35.27,1346.57,ORANGE BELGIUM DD,telecom
TX00224,lisa,2026-05-05,PIZZA HUT KORTRIJK 1694,-18.61,1327.96,PIZZA HUT KORTRIJK,restaurants
TX00225,lisa,2026-05-10,COLRUYT KORTRIJK 4543,-19.94,1308.02,COLRUYT KORTRIJK,groceries
TX00226,lisa,2026-05-10,COLRUYT Kortrijk 2556,-29.98,1278.04,COLRUYT KORTRIJK,groceries
TX00227,lisa,2026-05-12,DELHAIZE Kortrijk #7249,-42.27,1235.77,DELHAIZE KORTRIJK,groceries
TX00228,lisa,2026-05-14,NMBS/SNCB APP 6755,-15.84,1219.93,NMBS SNCB APP,transport
TX00229,lisa,2026-05-15,CARREFOUR MARKET KORTRIJK 2452,-42.01,1177.92,CARREFOUR MARKET KORTRIJK,groceries
TX00230,lisa,2026-05-21,BAR CENTRAAL Kortrijk,-33.94,1143.98,BAR CENTRAAL KORTRIJK,restaurants
TX00231,lisa,2026-05-21,DELHAIZE Kortrijk #4335,-40.24,1103.74,DELHAIZE KORTRIJK,groceries
TX00232,lisa,2026-05-22,CAFE DEN OUDEN KORTRIJK,-34.97,1068.77,CAFE DEN OUDEN KORTRIJK,restaurants
TX00233,lisa,2026-05-24,NMBS/SNCB APP 1781,-9.12,1059.65,NMBS SNCB APP,transport
TX00234,lisa,2026-05-24,STUDENTENJOB Colruyt 6064,419.9,1479.55,STUDENTENJOB COLRUYT,student_job
TX00235,lisa,2026-06-02,NMBS/SNCB APP 1203,-10.29,1469.26,NMBS SNCB APP,transport
TX00236,lisa,2026-06-03,NETFLIX.COM 6538,-11.99,1457.27,NETFLIX.COM,subscriptions
TX00237,lisa,2026-06-04,ALDI BE 2051 Kortrijk,-49.67,1407.6,ALDI BE KORTRIJK,groceries
TX00238,lisa,2026-06-06,SHELL KORTRIJK 5501,-4.49,1403.11,SHELL KORTRIJK,transport
TX00239,lisa,2026-06-07,PROXIMUS NV/SA 4583,-28.21,1374.9,PROXIMUS NV SA,telecom
TX00240,lisa,2026-06-10,COLRUYT KORTRIJK 5149,-37.2,1337.7,COLRUYT KORTRIJK,groceries
TX00241,lisa,2026-06-11,CARREFOUR MARKET KORTRIJK 6602,-48.68,1289.02,CARREFOUR MARKET KORTRIJK,groceries
TX00242,lisa,2026-06-14,CARREFOUR MARKET KORTRIJK 4289,-25.86,1263.16,CARREFOUR MARKET KORTRIJK,groceries
TX00243,lisa,2026-06-14,PAYCONIQ*BRICO Kortrijk,-5.0,1258.16,PAYCONIQ BRICO KORTRIJK,home_improvement
TX00244,lisa,2026-06-15,COLRUYT Kortrijk 3238,-34.03,1224.13,COLRUYT KORTRIJK,groceries
TX00245,lisa,2026-06-17,PIZZA HUT Kortrijk 3511,-23.34,1200.79,PIZZA HUT KORTRIJK,restaurants
TX00246,lisa,2026-06-18,COLRUYT KORTRIJK 4183,-19.95,1180.84,COLRUYT KORTRIJK,groceries
TX00247,lisa,2026-06-19,DELHAIZE KORTRIJK #6221,-47.8,1133.04,DELHAIZE KORTRIJK,groceries
TX00248,lisa,2026-06-21,SHELL KORTRIJK 8109,-9.39,1123.65,SHELL KORTRIJK,transport
TX00249,lisa,2026-06-23,PIZZA HUT KORTRIJK 4988,-16.61,1107.04,PIZZA HUT KORTRIJK,restaurants
TX00250,lisa,2026-06-24,SALARY Acme NV,2137.97,3245.01,SALARY ACME NV,salary
TX00251,lisa,2026-06-25,NMBS/SNCB APP 3272,-5.36,3239.65,NMBS SNCB APP,transport
TX00252,lisa,2026-07-01,DE LIJN MOBIB 6634,-14.59,3225.06,DE LIJN MOBIB,transport
TX00253,lisa,2026-07-01,RENT STUDIO KORTRIJK,-720.0,2505.06,RENT STUDIO KORTRIJK,rent
TX00254,lisa,2026-07-03,NETFLIX.COM 8496,-11.99,2493.07,NETFLIX.COM,subscriptions
TX00255,lisa,2026-07-05,BRICO KORTRIJK 9335,-165.27,2327.8,BRICO KORTRIJK,home_improvement
TX00256,lisa,2026-07-06,LUMINUS NV DOMICILIERING,-71.06,2256.74,LUMINUS NV DOMICILIERING,utilities
TX00257,lisa,2026-07-08,JYSK GENT,-1304.52,952.22,JYSK GENT,furniture
TX00258,lisa,2026-07-08,TELENET NV DOMICILIERING,-29.48,922.74,TELENET NV DOMICILIERING,telecom
TX00259,lisa,2026-07-09,ALDI BE 1330 KORTRIJK,-24.09,898.65,ALDI BE KORTRIJK,groceries
TX00260,lisa,2026-07-09,LIDL BELGIUM Kortrijk,-36.25,862.4,LIDL BELGIUM KORTRIJK,groceries
TX00261,lisa,2026-07-11,LEEN BAKKER Kortrijk 9808,-83.99,778.41,LEEN BAKKER KORTRIJK,furniture
TX00262,lisa,2026-07-15,NMBS/SNCB APP 6465,-12.47,765.94,NMBS SNCB APP,transport
TX00263,lisa,2026-07-15,PIZZA HUT Kortrijk 6875,-24.15,741.79,PIZZA HUT KORTRIJK,restaurants
TX00264,lisa,2026-07-18,LIDL BELGIUM Kortrijk,-49.4,692.39,LIDL BELGIUM KORTRIJK,groceries
TX00265,lisa,2026-07-18,SHELL Kortrijk 4481,-9.97,682.42,SHELL KORTRIJK,transport
TX00266,lisa,2026-07-21,BAR CENTRAAL KORTRIJK,-19.68,662.74,BAR CENTRAAL KORTRIJK,restaurants
TX00267,lisa,2026-07-22,NMBS/SNCB APP 7574,-5.91,656.83,NMBS SNCB APP,transport
TX00268,lisa,2026-07-22,PAYCONIQ*FRITUUR Kortrijk,-22.31,634.52,PAYCONIQ FRITUUR KORTRIJK,restaurants
TX00269,lisa,2026-07-23,CARREFOUR MARKET Kortrijk 7261,-44.96,589.56,CARREFOUR MARKET KORTRIJK,groceries
TX00270,lisa,2026-07-25,CARREFOUR MARKET KORTRIJK 7315,-57.48,532.08,CARREFOUR MARKET KORTRIJK,groceries
TX00271,lisa,2026-07-25,LIDL BELGIUM Kortrijk,-51.7,480.38,LIDL BELGIUM KORTRIJK,groceries
TX00272,lisa,2026-07-25,OVERSCHRIJVING WEDDE Acme NV,2172.27,2652.65,OVERSCHRIJVING WEDDE ACME NV,salary
TX00273,lisa,2026-08-01,HUUR STUDIO KORTRIJK,-720.0,1932.65,HUUR STUDIO KORTRIJK,rent
TX00274,lisa,2026-08-03,SPOTIFY P0518,-11.99,1920.66,SPOTIFY P,subscriptions
TX00275,lisa,2026-08-04,CARREFOUR MARKET Kortrijk 6892,-54.18,1866.48,CARREFOUR MARKET KORTRIJK,groceries
TX00276,lisa,2026-08-05,CARREFOUR MARKET Kortrijk 4208,-51.74,1814.74,CARREFOUR MARKET KORTRIJK,groceries
TX00277,lisa,2026-08-06,ENGIE ELECTRABEL DD 8051,-76.55,1738.19,ENGIE ELECTRABEL DD,utilities
TX00278,lisa,2026-08-06,TELENET NV DOMICILIERING,-25.51,1712.68,TELENET NV DOMICILIERING,telecom
TX00279,lisa,2026-08-07,ALDI BE 5121 KORTRIJK,-43.34,1669.34,ALDI BE KORTRIJK,groceries
TX00280,lisa,2026-08-07,CARREFOUR MARKET Kortrijk 1886,-52.22,1617.12,CARREFOUR MARKET KORTRIJK,groceries
TX00281,lisa,2026-08-14,LIDL BELGIUM Kortrijk,-48.39,1568.73,LIDL BELGIUM KORTRIJK,groceries
TX00282,lisa,2026-08-15,NMBS/SNCB APP 6219,-8.38,1560.35,NMBS SNCB APP,transport
TX00283,lisa,2026-08-16,DE LIJN MOBIB 4242,-8.45,1551.9,DE LIJN MOBIB,transport
TX00284,lisa,2026-08-17,PIZZA HUT Kortrijk 2516,-21.06,1530.84,PIZZA HUT KORTRIJK,restaurants
TX00285,lisa,2026-08-19,DE LIJN MOBIB 1429,-7.46,1523.38,DE LIJN MOBIB,transport
TX00286,lisa,2026-08-20,SHELL Kortrijk 8474,-18.17,1505.21,SHELL KORTRIJK,transport
TX00287,lisa,2026-08-22,DELHAIZE KORTRIJK #9847,-53.44,1451.77,DELHAIZE KORTRIJK,groceries
TX00288,lisa,2026-08-24,SALARY Acme NV,2127.94,3579.71,SALARY ACME NV,salary
TX00289,lisa,2026-08-27,CARREFOUR MARKET Kortrijk 7028,-47.11,3532.6,CARREFOUR MARKET KORTRIJK,groceries
TX00290,lisa,2026-08-27,PIZZA HUT Kortrijk 7931,-21.95,3510.65,PIZZA HUT KORTRIJK,restaurants
TX00291,lisa,2026-09-01,HUUR STUDIO Kortrijk,-720.0,2790.65,HUUR STUDIO KORTRIJK,rent
TX00292,lisa,2026-09-02,NMBS/SNCB APP 7448,-4.14,2786.51,NMBS SNCB APP,transport
TX00293,lisa,2026-09-03,DISNEYPLUS 6981,-11.99,2774.52,DISNEYPLUS,subscriptions
TX00294,lisa,2026-09-04,LIDL BELGIUM Kortrijk,-24.68,2749.84,LIDL BELGIUM KORTRIJK,groceries
TX00295,lisa,2026-09-05,DELHAIZE KORTRIJK #4962,-18.62,2731.22,DELHAIZE KORTRIJK,groceries
TX00296,lisa,2026-09-06,LIDL BELGIUM KORTRIJK,-38.65,2692.57,LIDL BELGIUM KORTRIJK,groceries
TX00297,lisa,2026-09-06,WATER-LINK 1890,-79.25,2613.32,WATER-LINK,utilities
TX00298,lisa,2026-09-07,CAFE DEN OUDEN Kortrijk,-12.71,2600.61,CAFE DEN OUDEN KORTRIJK,restaurants
TX00299,lisa,2026-09-07,PROXIMUS NV/SA 4128,-26.77,2573.84,PROXIMUS NV SA,telecom
TX00300,lisa,2026-09-08,ALDI BE 3043 KORTRIJK,-26.43,2547.41,ALDI BE KORTRIJK,groceries
TX00301,lisa,2026-09-13,PAYCONIQ*FRITUUR Kortrijk,-26.19,2521.22,PAYCONIQ FRITUUR KORTRIJK,restaurants
TX00302,lisa,2026-09-16,ALDI BE 7837 KORTRIJK,-23.02,2498.2,ALDI BE KORTRIJK,groceries
TX00303,lisa,2026-09-18,NMBS/SNCB APP 9739,-10.52,2487.68,NMBS SNCB APP,transport
TX00304,lisa,2026-09-19,DELHAIZE KORTRIJK #9076,-30.85,2456.83,DELHAIZE KORTRIJK,groceries
TX00305,lisa,2026-09-22,BAR CENTRAAL KORTRIJK,-36.8,2420.03,BAR CENTRAAL KORTRIJK,restaurants
TX00306,lisa,2026-09-23,CAFE DEN OUDEN Kortrijk,-16.92,2403.11,CAFE DEN OUDEN KORTRIJK,restaurants
TX00307,lisa,2026-09-24,LOON ACME NV 3996,2134.5,4537.61,LOON ACME NV,salary
TX00308,lisa,2026-09-25,LIDL BELGIUM KORTRIJK,-44.26,4493.35,LIDL BELGIUM KORTRIJK,groceries
TX00309,tom_sara,2026-02-01,SEPA HUUR APPARTEMENT,-1050.0,17450.0,SEPA HUUR APPARTEMENT,rent
TX00310,tom_sara,2026-02-02,CARREFOUR MARKET Gent 8504,-87.56,17362.44,CARREFOUR MARKET GENT,groceries
TX00311,tom_sara,2026-02-02,TRANSFER TO SAVINGS 4567,-816.3,16546.14,TRANSFER TO SAVINGS,savings
TX00312,tom_sara,2026-02-04,ALDI BE 6632 GENT,-132.84,16413.3,ALDI BE GENT,groceries
TX00313,tom_sara,2026-02-05,ORANGE BELGIUM DD 1504,-74.4,16338.9,ORANGE BELGIUM DD,telecom
TX00314,tom_sara,2026-02-06,ALDI BE 1999 GENT,-57.6,16281.3,ALDI BE GENT,groceries
TX00315,tom_sara,2026-02-07,CAFE DEN OUDEN Gent,-68.21,16213.09,CAFE DEN OUDEN GENT,restaurants
TX00316,tom_sara,2026-02-10,CAFE DEN OUDEN Gent,-47.37,16165.72,CAFE DEN OUDEN GENT,restaurants
TX00317,tom_sara,2026-02-12,ALDI BE 5413 Gent,-92.05,16073.67,ALDI BE GENT,groceries
TX00318,tom_sara,2026-02-17,ALDI BE 9022 Gent,-58.3,16015.37,ALDI BE GENT,groceries
TX00319,tom_sara,2026-02-17,BAR CENTRAAL Gent,-36.24,15979.13,BAR CENTRAAL GENT,restaurants
TX00320,tom_sara,2026-02-17,PAYCONIQ*FRITUUR GENT,-54.3,15924.83,PAYCONIQ FRITUUR GENT,restaurants
TX00321,tom_sara,2026-02-22,CARREFOUR MARKET Gent 5101,-104.58,15820.25,CARREFOUR MARKET GENT,groceries
TX00322,tom_sara,2026-02-25,SALARY Barco NV,3159.13,18979.38,SALARY BARCO NV,salary
TX00323,tom_sara,2026-02-26,LIDL BELGIUM Gent,-79.04,18900.34,LIDL BELGIUM GENT,groceries
TX00324,tom_sara,2026-02-26,OVERSCHRIJVING WEDDE UZ Gent,2949.96,21850.3,OVERSCHRIJVING WEDDE UZ GENT,salary
TX00325,tom_sara,2026-03-01,RENT APPARTEMENT GENT,-1050.0,20800.3,RENT APPARTEMENT GENT,rent
TX00326,tom_sara,2026-03-02,TRANSFER TO SAVINGS 3100,-976.15,19824.15,TRANSFER TO SAVINGS,savings
TX00327,tom_sara,2026-03-03,DELHAIZE Gent #1654,-133.68,19690.47,DELHAIZE GENT,groceries
TX00328,tom_sara,2026-03-05,TELENET NV DOMICILIERING,-65.87,19624.6,TELENET NV DOMICILIERING,telecom
TX00329,tom_sara,2026-03-12,LIDL BELGIUM Gent,-76.13,19548.47,LIDL BELGIUM GENT,groceries
TX00330,tom_sara,2026-03-13,PIZZA HUT GENT 8712,-51.49,19496.98,PIZZA HUT GENT,restaurants
TX00331,tom_sara,2026-03-16,COLRUYT Gent 2371,-91.9,19405.08,COLRUYT GENT,groceries
TX00332,tom_sara,2026-03-17,LIDL BELGIUM GENT,-99.58,19305.5,LIDL BELGIUM GENT,groceries
TX00333,tom_sara,2026-03-22,DELHAIZE GENT #4352,-85.47,19220.03,DELHAIZE GENT,groceries
TX00334,tom_sara,2026-03-23,ALDI BE 7120 Gent,-143.05,19076.98,ALDI BE GENT,groceries
TX00335,tom_sara,2026-03-24,LIDL BELGIUM Gent,-89.2,18987.78,LIDL BELGIUM GENT,groceries
TX00336,tom_sara,2026-03-25,CAFE DEN OUDEN GENT,-63.32,18924.46,CAFE DEN OUDEN GENT,restaurants
TX00337,tom_sara,2026-03-25,OVERSCHRIJVING WEDDE BARCO NV,3233.75,22158.21,OVERSCHRIJVING WEDDE BARCO NV,salary
TX00338,tom_sara,2026-03-26,COLRUYT GENT 0484,-59.14,22099.07,COLRUYT GENT,groceries
TX00339,tom_sara,2026-03-26,OVERSCHRIJVING WEDDE UZ GENT,2894.65,24993.72,OVERSCHRIJVING WEDDE UZ GENT,salary
TX00340,tom_sara,2026-04-01,SEPA HUUR APPARTEMENT,-1050.0,23943.72,SEPA HUUR APPARTEMENT,rent
TX00341,tom_sara,2026-04-02,TRANSFER TO SAVINGS 4107,-871.37,23072.35,TRANSFER TO SAVINGS,savings
TX00342,tom_sara,2026-04-05,PROXIMUS NV/SA 7926,-67.13,23005.22,PROXIMUS NV SA,telecom
TX00343,tom_sara,2026-04-06,CARREFOUR MARKET Gent 8231,-137.21,22868.01,CARREFOUR MARKET GENT,groceries
TX00344,tom_sara,2026-04-06,COLRUYT Gent 6817,-70.81,22797.2,COLRUYT GENT,groceries
TX00345,tom_sara,2026-04-12,BAR CENTRAAL Gent,-73.84,22723.36,BAR CENTRAAL GENT,restaurants
TX00346,tom_sara,2026-04-13,DELHAIZE Gent #2250,-111.54,22611.82,DELHAIZE GENT,groceries
TX00347,tom_sara,2026-04-18,PAYCONIQ*FRITUUR GENT,-83.13,22528.69,PAYCONIQ FRITUUR GENT,restaurants
TX00348,tom_sara,2026-04-20,ALDI BE 4847 Gent,-56.97,22471.72,ALDI BE GENT,groceries
TX00349,tom_sara,2026-04-22,COLRUYT GENT 9505,-87.84,22383.88,COLRUYT GENT,groceries
TX00350,tom_sara,2026-04-23,LIDL BELGIUM GENT,-136.96,22246.92,LIDL BELGIUM GENT,groceries
TX00351,tom_sara,2026-04-25,LIDL BELGIUM Gent,-109.64,22137.28,LIDL BELGIUM GENT,groceries
TX00352,tom_sara,2026-04-25,LOON Barco NV 3814,3196.11,25333.39,LOON BARCO NV,salary
TX00353,tom_sara,2026-04-26,SALARY UZ Gent,2940.12,28273.51,SALARY UZ GENT,salary
TX00354,tom_sara,2026-05-01,SEPA HUUR APPARTEMENT,-1050.0,27223.51,SEPA HUUR APPARTEMENT,rent
TX00355,tom_sara,2026-05-02,TRANSFER TO SAVINGS 9208,-845.6,26377.91,TRANSFER TO SAVINGS,savings
TX00356,tom_sara,2026-05-05,ORANGE BELGIUM DD 7616,-83.19,26294.72,ORANGE BELGIUM DD,telecom
TX00357,tom_sara,2026-05-10,DELHAIZE Gent #7460,-63.25,26231.47,DELHAIZE GENT,groceries
TX00358,tom_sara,2026-05-10,PAYCONIQ*FRITUUR Gent,-40.31,26191.16,PAYCONIQ FRITUUR GENT,restaurants
TX00359,tom_sara,2026-05-13,CARREFOUR MARKET GENT 2541,-134.69,26056.47,CARREFOUR MARKET GENT,groceries
TX00360,tom_sara,2026-05-13,DELHAIZE GENT #5952,-63.94,25992.53,DELHAIZE GENT,groceries
TX00361,tom_sara,2026-05-17,COLRUYT GENT 2232,-89.98,25902.55,COLRUYT GENT,groceries
TX00362,tom_sara,2026-05-22,COLRUYT Gent 4593,-57.94,25844.61,COLRUYT GENT,groceries
TX00363,tom_sara,2026-05-22,LIDL BELGIUM GENT,-82.39,25762.22,LIDL BELGIUM GENT,groceries
TX00364,tom_sara,2026-05-23,ALDI BE 5886 Gent,-60.45,25701.77,ALDI BE GENT,groceries
TX00365,tom_sara,2026-05-24,PAYCONIQ*FRITUUR GENT,-72.86,25628.91,PAYCONIQ FRITUUR GENT,restaurants
TX00366,tom_sara,2026-05-25,OVERSCHRIJVING WEDDE Barco NV,3176.45,28805.36,OVERSCHRIJVING WEDDE BARCO NV,salary
TX00367,tom_sara,2026-05-26,LOON UZ Gent 4305,2908.46,31713.82,LOON UZ GENT,salary
TX00368,tom_sara,2026-06-01,HUUR APPARTEMENT GENT,-1050.0,30663.82,HUUR APPARTEMENT GENT,rent
TX00369,tom_sara,2026-06-02,TRANSFER TO SAVINGS 2086,-928.34,29735.48,TRANSFER TO SAVINGS,savings
TX00370,tom_sara,2026-06-04,ALDI BE 4515 Gent,-111.19,29624.29,ALDI BE GENT,groceries
TX00371,tom_sara,2026-06-05,ORANGE BELGIUM DD 7354,-80.56,29543.73,ORANGE BELGIUM DD,telecom
TX00372,tom_sara,2026-06-06,PAYCONIQ*FRITUUR GENT,-74.27,29469.46,PAYCONIQ FRITUUR GENT,restaurants
TX00373,tom_sara,2026-06-09,KRUIDVAT BABY Gent 9431,-598.71,28870.75,KRUIDVAT BABY GENT,baby
TX00374,tom_sara,2026-06-13,DREAMBABY GENT 1892,-69.09,28801.66,DREAMBABY GENT,baby
TX00375,tom_sara,2026-06-15,ALDI BE 1567 Gent,-83.13,28718.53,ALDI BE GENT,groceries
TX00376,tom_sara,2026-06-15,BABY-DUMP GENT,-62.0,28656.53,BABY-DUMP GENT,baby
TX00377,tom_sara,2026-06-16,CARREFOUR MARKET Gent 1884,-131.75,28524.78,CARREFOUR MARKET GENT,groceries
TX00378,tom_sara,2026-06-17,KRUIDVAT BABY Gent 0852,-82.88,28441.9,KRUIDVAT BABY GENT,baby
TX00379,tom_sara,2026-06-17,LIDL BELGIUM GENT,-61.61,28380.29,LIDL BELGIUM GENT,groceries
TX00380,tom_sara,2026-06-20,CARREFOUR MARKET Gent 9797,-102.75,28277.54,CARREFOUR MARKET GENT,groceries
TX00381,tom_sara,2026-06-20,COLRUYT Gent 0720,-120.45,28157.09,COLRUYT GENT,groceries
TX00382,tom_sara,2026-06-21,PAYCONIQ*FRITUUR Gent,-66.19,28090.9,PAYCONIQ FRITUUR GENT,restaurants
TX00383,tom_sara,2026-06-22,CARREFOUR MARKET Gent 7408,-134.93,27955.97,CARREFOUR MARKET GENT,groceries
TX00384,tom_sara,2026-06-23,CARREFOUR MARKET GENT 0520,-60.47,27895.5,CARREFOUR MARKET GENT,groceries
TX00385,tom_sara,2026-06-25,LOON BARCO NV 9774,3150.28,31045.78,LOON BARCO NV,salary
TX00386,tom_sara,2026-06-25,PIZZA HUT GENT 7780,-31.83,31013.95,PIZZA HUT GENT,restaurants
TX00387,tom_sara,2026-06-26,LOON UZ Gent 2868,2860.99,33874.94,LOON UZ GENT,salary
TX00388,tom_sara,2026-07-01,SEPA HUUR APPARTEMENT,-1050.0,32824.94,SEPA HUUR APPARTEMENT,rent
TX00389,tom_sara,2026-07-02,TRANSFER TO SAVINGS 5577,-850.2,31974.74,TRANSFER TO SAVINGS,savings
TX00390,tom_sara,2026-07-03,DELHAIZE GENT #1346,-79.49,31895.25,DELHAIZE GENT,groceries
TX00391,tom_sara,2026-07-05,COLRUYT Gent 2126,-89.22,31806.03,COLRUYT GENT,groceries
TX00392,tom_sara,2026-07-05,TELENET NV DOMICILIERING,-66.39,31739.64,TELENET NV DOMICILIERING,telecom
TX00393,tom_sara,2026-07-08,ALDI BE 4196 Gent,-81.05,31658.59,ALDI BE GENT,groceries
TX00394,tom_sara,2026-07-11,PIZZA HUT GENT 0703,-52.86,31605.73,PIZZA HUT GENT,restaurants
TX00395,tom_sara,2026-07-12,DELHAIZE GENT #9309,-108.66,31497.07,DELHAIZE GENT,groceries
TX00396,tom_sara,2026-07-13,BABY-DUMP Gent,-76.33,31420.74,BABY-DUMP GENT,baby
TX00397,tom_sara,2026-07-16,DREAMBABY GENT 8373,-60.43,31360.31,DREAMBABY GENT,baby
TX00398,tom_sara,2026-07-18,COLRUYT GENT 9727,-98.8,31261.51,COLRUYT GENT,groceries
TX00399,tom_sara,2026-07-18,PAYCONIQ*FRITUUR Gent,-51.05,31210.46,PAYCONIQ FRITUUR GENT,restaurants
TX00400,tom_sara,2026-07-20,GROEIPAKKET FONS 2429,173.2,31383.66,GROEIPAKKET FONS,child_benefit
TX00401,tom_sara,2026-07-22,COLRUYT GENT 6173,-92.78,31290.88,COLRUYT GENT,groceries
TX00402,tom_sara,2026-07-23,ALDI BE 9829 GENT,-59.93,31230.95,ALDI BE GENT,groceries
TX00403,tom_sara,2026-07-23,BAR CENTRAAL Gent,-52.89,31178.06,BAR CENTRAAL GENT,restaurants
TX00404,tom_sara,2026-07-23,LIDL BELGIUM Gent,-74.4,31103.66,LIDL BELGIUM GENT,groceries
TX00405,tom_sara,2026-07-24,BAR CENTRAAL GENT,-37.8,31065.86,BAR CENTRAAL GENT,restaurants
TX00406,tom_sara,2026-07-25,OVERSCHRIJVING WEDDE BARCO NV,3247.45,34313.31,OVERSCHRIJVING WEDDE BARCO NV,salary
TX00407,tom_sara,2026-07-26,OVERSCHRIJVING WEDDE UZ Gent,2910.9,37224.21,OVERSCHRIJVING WEDDE UZ GENT,salary
TX00408,tom_sara,2026-08-01,SEPA HUUR APPARTEMENT,-1050.0,36174.21,SEPA HUUR APPARTEMENT,rent
TX00409,tom_sara,2026-08-02,TRANSFER TO SAVINGS 2483,-867.95,35306.26,TRANSFER TO SAVINGS,savings
TX00410,tom_sara,2026-08-03,LIDL BELGIUM GENT,-143.41,35162.85,LIDL BELGIUM GENT,groceries
TX00411,tom_sara,2026-08-04,CARREFOUR MARKET Gent 7182,-144.19,35018.66,CARREFOUR MARKET GENT,groceries
TX00412,tom_sara,2026-08-05,PROXIMUS NV/SA 4510,-76.83,34941.83,PROXIMUS NV SA,telecom
TX00413,tom_sara,2026-08-11,COLRUYT Gent 1489,-110.35,34831.48,COLRUYT GENT,groceries
TX00414,tom_sara,2026-08-14,PAYCONIQ*FRITUUR Gent,-45.68,34785.8,PAYCONIQ FRITUUR GENT,restaurants
TX00415,tom_sara,2026-08-16,BABY-DUMP GENT,-23.17,34762.63,BABY-DUMP GENT,baby
TX00416,tom_sara,2026-08-16,DREAMBABY Gent 8634,-24.26,34738.37,DREAMBABY GENT,baby
TX00417,tom_sara,2026-08-18,CARREFOUR MARKET Gent 4644,-89.87,34648.5,CARREFOUR MARKET GENT,groceries
TX00418,tom_sara,2026-08-18,COLRUYT GENT 0942,-88.19,34560.31,COLRUYT GENT,groceries
TX00419,tom_sara,2026-08-18,DREAMBABY Gent 5082,-55.45,34504.86,DREAMBABY GENT,baby
TX00420,tom_sara,2026-08-18,LIDL BELGIUM Gent,-95.48,34409.38,LIDL BELGIUM GENT,groceries
TX00421,tom_sara,2026-08-19,KRUIDVAT BABY GENT 2963,-81.73,34327.65,KRUIDVAT BABY GENT,baby
TX00422,tom_sara,2026-08-20,GROEIPAKKET FONS 8636,173.2,34500.85,GROEIPAKKET FONS,child_benefit
TX00423,tom_sara,2026-08-21,BAR CENTRAAL GENT,-77.78,34423.07,BAR CENTRAAL GENT,restaurants
TX00424,tom_sara,2026-08-25,LOON BARCO NV 2852,3210.24,37633.31,LOON BARCO NV,salary
TX00425,tom_sara,2026-08-25,PAYCONIQ*FRITUUR Gent,-46.79,37586.52,PAYCONIQ FRITUUR GENT,restaurants
TX00426,tom_sara,2026-08-26,OVERSCHRIJVING WEDDE UZ Gent,2896.4,40482.92,OVERSCHRIJVING WEDDE UZ GENT,salary
TX00427,tom_sara,2026-08-27,CARREFOUR MARKET Gent 7802,-100.12,40382.8,CARREFOUR MARKET GENT,groceries
TX00428,tom_sara,2026-09-01,HUUR APPARTEMENT GENT,-1050.0,39332.8,HUUR APPARTEMENT GENT,rent
TX00429,tom_sara,2026-09-02,TRANSFER TO SAVINGS 7365,-826.8,38506.0,TRANSFER TO SAVINGS,savings
TX00430,tom_sara,2026-09-05,CARREFOUR MARKET Gent 2636,-79.55,38426.45,CARREFOUR MARKET GENT,groceries
TX00431,tom_sara,2026-09-05,TELENET NV DOMICILIERING,-83.08,38343.37,TELENET NV DOMICILIERING,telecom
TX00432,tom_sara,2026-09-06,ALDI BE 6091 GENT,-104.91,38238.46,ALDI BE GENT,groceries
TX00433,tom_sara,2026-09-08,PAYCONIQ*FRITUUR GENT,-71.25,38167.21,PAYCONIQ FRITUUR GENT,restaurants
TX00434,tom_sara,2026-09-10,KRUIDVAT BABY Gent 6944,-25.45,38141.76,KRUIDVAT BABY GENT,baby
TX00435,tom_sara,2026-09-13,CARREFOUR MARKET Gent 4626,-125.03,38016.73,CARREFOUR MARKET GENT,groceries
TX00436,tom_sara,2026-09-13,COLRUYT GENT 6136,-76.22,37940.51,COLRUYT GENT,groceries
TX00437,tom_sara,2026-09-15,CAFE DEN OUDEN GENT,-73.11,37867.4,CAFE DEN OUDEN GENT,restaurants
TX00438,tom_sara,2026-09-15,DREAMBABY GENT 6888,-60.81,37806.59,DREAMBABY GENT,baby
TX00439,tom_sara,2026-09-18,CARREFOUR MARKET GENT 3281,-127.11,37679.48,CARREFOUR MARKET GENT,groceries
TX00440,tom_sara,2026-09-18,DELHAIZE Gent #3647,-128.5,37550.98,DELHAIZE GENT,groceries
TX00441,tom_sara,2026-09-20,KINDERBIJSLAG GROEIPAKKET,173.2,37724.18,KINDERBIJSLAG GROEIPAKKET,child_benefit
TX00442,tom_sara,2026-09-20,KRUIDVAT BABY GENT 4203,-32.45,37691.73,KRUIDVAT BABY GENT,baby
TX00443,tom_sara,2026-09-25,LOON Barco NV 2157,3209.72,40901.45,LOON BARCO NV,salary
TX00444,tom_sara,2026-09-26,LOON UZ Gent 2722,2922.12,43823.57,LOON UZ GENT,salary
